AcX,AcY,AcZ,Tmp,GyX,GyY,GyZ
540,144,-16660,27.07,-198,69,-149
21732,-5736,15908,27.07,-7947,32767,32767
11492,-10432,9136,27.17,-19892,-7853,-18745
16724,-756,-7196,27.07,194,-24127,6922
6352,5816,-8308,27.02,-2128,-10552,8214
3468,-2840,3312,27.12,7468,17064,6287
32767,-8472,21620,27.02,-14225,32767,4293
23440,-2592,2492,27.12,-16389,-21146,-14613
22828,4344,-4664,27.12,7624,13265,-7360
23560,-7708,1340,27.02,16478,-16155,12140
25224,-7920,292,27.07,-8496,-21105,23351
8780,3052,5128,27.07,-2388,-9570,2793
17356,-11400,1436,27.07,31820,29998,-30664
28512,-10476,1112,27.02,-171,7744,-2725
28044,-3804,1372,27.12,-13479,-32013,32767
16796,-2280,100,27.12,-11347,-4650,4396
16224,2056,1152,27.07,-5361,-499,-3082
18280,-11416,3936,27.12,-11957,26948,-18492
20176,-20880,-6096,27.02,18588,20400,474
21096,-10432,-1300,27.12,20454,7390,20123
32767,-7800,10084,27.07,-32768,-25551,10088
12032,-2568,7732,27.07,15964,-31008,-11109
2552,-11852,8340,27.12,-22457,32767,-13692
32767,-27176,-15656,27.12,14937,30371,-32768
12000,-5432,-496,27.02,-28131,-10556,3848
14008,2100,3464,27.07,-23043,8021,1922
13476,-10116,1124,27.02,21049,-2180,548
19536,-11640,-164,27.12,1745,-12064,6205
14672,-2064,-1024,27.07,-16879,-20125,-9447
12612,4652,1268,27.07,2686,13248,8061
31656,-2904,6208,27.07,23738,26746,-13703
17448,-19480,-1004,27.02,-11856,-8471,-7313
16004,1640,4116,27.02,-16079,-13566,14411
12632,-5180,1516,26.98,107,683,-1913
23924,-17612,-2424,26.98,32767,8109,-6858
16220,-4836,3108,27.07,-32768,-12687,9375
15072,1292,3824,27.12,-7913,3936,10694
27516,1544,6288,26.98,4929,32767,-16230
16972,-9360,-208,27.12,-20890,-14164,5997
12644,-6060,-780,27.07,5305,-6086,-56
23016,-3440,3508,27.17,-27310,-9723,9237
12808,-7024,3256,27.17,-9734,4401,-12483
21212,-2456,3048,27.07,-20460,20275,22653
22172,-5128,5992,27.17,32767,-3669,-16284
10292,-11124,6060,27.12,-6734,-7082,19528
12372,-10260,7048,27.17,-24911,-21647,-5045
14960,-6152,-796,27.17,13247,-7898,7421
11944,-16596,-1672,27.12,-32768,6785,10611
19464,-3556,776,27.12,-32768,22098,11291
12572,-9592,-8488,27.02,-20778,-3564,12632
6732,3844,-11360,27.12,7942,-3226,-813
1940,116,-11952,27.07,-4289,-7318,5273
1492,-5948,-18872,27.12,-7534,-276,-8773
-444,-10480,-17208,27.21,4869,-18814,6543
-7816,-5740,-11252,27.12,7181,-9109,-20135
-8324,-9180,-9372,27.12,-1073,10708,-2922
-8972,-7320,-8284,27.12,-28206,15904,-15838
-1040,-3780,-14056,27.12,3128,876,-2820
10980,-2064,-12564,27.17,7742,-2851,480
44,-12828,-12568,27.12,961,-768,-1807
-256,-7216,-14656,27.02,-1089,24,2469
204,-11404,-11916,27.07,-1139,520,1428
-1784,-9388,-13328,27.07,114,638,320
-752,-9228,-13840,27.07,244,284,2648
-1228,-10336,-15520,27.12,-3868,-1620,2081
-1388,-6244,-11944,27.07,3849,-14336,5879
-4188,-15312,-11328,27.12,-8803,12532,-8334
-9676,-9508,-10636,27.12,17399,-5243,-9616
-17392,-14428,-3096,27.12,26868,-17412,11189
-9940,-5256,9684,27.17,7243,2452,8455
-9920,-7460,6208,27.17,3016,2490,-5513
-9944,-4456,8336,27.12,-32768,32767,-32768
24504,-17320,-4188,27.17,5174,18035,13233
32767,-10476,18180,27.07,-32768,32767,22744
25292,3060,11068,27.07,32767,-4301,9494
8132,-14420,-1460,27.02,4283,3074,-7924
25820,-5988,-5376,27.17,-17154,1931,24431
17964,-740,3676,27.17,-989,-10314,5816
11232,-2944,1156,27.21,3651,-3448,-4661
13616,-4500,-1424,27.17,25485,5217,-14187
17536,-10128,-8700,27.07,5379,-6045,-2770
24612,-5468,-9912,27.17,22353,-15996,10325
7732,2016,3064,27.02,-8587,-11550,-8239
11848,1720,-68,27.26,6506,12680,-657
29088,-7088,2692,27.21,3076,5748,1708
14492,-4440,520,27.02,-20897,-424,398
16024,1252,3748,27.12,14556,3760,-14275
12232,-3076,572,27.07,16697,11926,3452
24756,-612,-2532,27.17,15521,-2938,6234
17900,7916,1280,27.12,-20150,-16502,-9560
9980,400,5604,27.12,23067,14265,7430
15468,-13536,1968,27.17,-18635,8625,-18515
14548,-960,-1360,27.02,-20561,-2276,-3328
12492,-2144,760,27.12,-2824,4950,-4848
28456,-12904,1652,27.17,32767,9227,-5434
14568,-6164,-860,27.12,-32768,-6105,3374
16632,4808,3720,27.21,-22181,-4748,3258
20240,-20300,-19436,27.02,-725,-15338,16839
7776,2856,-1572,27.26,-30672,-17720,2071
9788,-3496,-9500,27.07,3288,10892,-1840
-2872,1804,3700,27.12,-10272,-6299,5888
13008,10948,-20252,27.07,-842,2423,-11503
-1488,3040,-8672,27.17,-7698,21394,-10227
12548,2900,-8452,27.12,-23232,6711,9931
17552,1840,1188,27.07,17232,3611,30199
22860,-1892,2748,27.17,32767,26894,-13639
23020,-14936,1880,27.21,1638,-15902,22979
11200,-3488,1988,27.12,-16957,5489,-3384
16240,656,676,27.12,19239,7972,-5681
20608,-7472,-5788,27.07,-2384,-5150,-4176
14832,-5888,2432,27.12,-4649,-2815,3698
14588,-3452,4860,27.17,-3997,3001,1428
31672,-5964,-13164,27.17,-28747,-2325,21787
20128,3172,-2424,27.26,7060,-32768,19899
300,2832,4620,27.17,-1244,-23976,7796
-2424,1260,10864,27.07,-5309,32767,-15717
32767,92,32767,27.07,32767,32767,-32768
23808,-17296,7388,27.12,-22116,-32768,-3858
19492,-3604,2768,27.17,-3359,5901,-1066
25360,2312,14628,27.12,-32768,-32768,8102
6440,-8100,5756,27.07,-5336,2057,6423
30156,-16060,8552,27.17,32767,19716,-25185
17352,-6324,1864,27.12,-32768,3921,-9117
15880,-2676,-1636,27.12,-8703,-4791,3188
17956,-1820,2760,27.12,1656,-8634,-4706
18484,-4300,1708,27.17,-10093,1412,-2753
17564,1192,-2524,27.21,-3855,3040,4774
11064,5608,-6208,27.12,-32014,4565,-6333
7172,-23620,-7140,27.21,7997,-21224,15785
9112,-12836,-12656,27.21,-8021,-8885,29143
12372,10028,-16996,27.12,32767,-14741,-16489
2260,1336,-16628,27.17,-6255,127,-3284
3932,-2980,-17728,27.02,-491,-856,-7152
-5596,-4672,-10056,27.07,1614,-4055,4514
14268,11160,-3044,27.12,6425,32767,-32768
20012,-4992,-11040,27.17,10306,32767,-5623
15844,17112,748,27.12,-3378,-89,-32768
6836,15540,-580,27.12,-1557,7082,-11779
6076,16040,720,27.07,2260,872,489
5396,15380,732,27.21,-559,-1323,479
6496,15556,536,27.17,-237,-1027,1589
21644,13352,-2388,27.21,-626,-24240,27098
17832,9608,-3256,27.02,-800,-32640,32767
-18184,15952,-20180,27.07,5140,5481,-9879
-4484,-18780,-8644,27.12,-6928,173,-14970
1828,-16620,-7528,27.07,-10029,26242,27526
-6272,-15396,-6136,27.21,-3325,6742,271
21616,-23928,-5016,27.17,355,27017,14386
968,-16568,-3068,27.17,-9939,3585,10950
12712,-5676,-6352,27.17,-6974,-2557,9184
14020,-9340,-9576,27.12,4640,-2547,-4501
6240,-7864,-11632,27.17,7486,-2345,-3776
10192,-8224,-11168,27.07,-11361,-5769,-11422
4504,-756,-1988,27.07,12375,-1259,-16157
30868,-480,2016,27.17,32767,7313,-2123
6196,912,340,27.12,-19358,3476,-8212
19136,-5060,-848,27.07,-9962,-4529,368
19324,2840,-4424,27.12,-3584,4112,-9581
12956,1896,-1308,27.21,6168,1540,-11202
17384,12728,-3608,27.17,4453,-6947,-3306
12932,22312,-576,27.07,-2890,4758,-5537
24084,13388,-1208,27.07,5713,-2457,9680
17160,8828,-1364,27.21,2759,317,-4486
15052,13452,-3888,27.12,-8173,-6972,-9619
9140,8356,-5288,27.12,-1915,-6730,-11743
7164,10352,-10716,27.12,6670,-4325,9451
9152,4512,-9320,27.17,10899,-10798,17737
4828,408,-13628,27.17,7000,-12092,14061
-1040,-1276,-14996,27.21,-850,-12353,15145
-564,3112,-13664,27.12,-4826,-3713,13136
-4096,-368,-10608,27.17,-3891,2103,9934
5324,220,-16144,27.17,649,9771,4296
2852,3180,-17640,27.21,-2139,6272,2726
7964,8952,-14596,27.17,6738,-2841,-2251
1976,4404,-13908,27.21,-312,-1151,4018
3204,1296,-15120,27.17,-3847,-524,3189
340,5252,-14040,27.26,186,-2656,-3323
1692,2944,-14952,27.17,-774,1741,-100
2944,4248,-16320,27.17,1759,660,5657
4012,2572,-15292,27.12,-550,1675,334
5264,5292,-14168,27.26,-1661,1168,3062
8212,2680,-16748,27.12,3454,-7554,-1196
1188,3964,-13020,27.17,7583,-3779,-4764
-736,-756,-15792,27.12,-4664,-395,-7474
3992,5908,-16404,27.17,-6689,849,-10854
-584,836,-7820,27.12,1586,8981,-7522
1368,6552,-14720,27.07,2316,5630,-7384
7012,-5880,-11268,27.26,5868,18647,-1594
20296,5348,-3104,27.26,1903,9468,-2641
16624,2392,-7364,27.17,4642,9565,4686
21860,2256,-6516,27.17,1219,4631,3220
19288,1948,-6408,27.07,-1223,-2076,-5031
18368,-9504,-2640,27.17,6342,12055,1804
32767,-5328,764,27.12,13972,-1718,32767
19992,6132,368,27.12,15522,713,-14873
13840,-8152,368,27.26,32767,-999,-4285
16908,-5984,-208,27.26,-32768,-4942,13314
14308,1220,2140,27.21,28407,-3235,-15893
17064,-9424,-5420,27.21,7452,-1217,11991
16536,-280,-3168,27.12,-7195,-3067,8033
17180,-2044,-3972,27.17,9563,2462,-4018
15032,-7544,-3820,27.21,-18270,969,-2288
11276,-12840,-6256,27.21,-14768,2083,2137
8284,-2072,-5032,27.21,-2746,5539,-4555
13604,-5212,-2836,27.17,6106,6093,-2347
16284,-4472,636,27.12,-12092,3567,-846
18084,-5676,-824,27.21,-14598,7003,-3339
26168,5372,2708,27.12,7703,-11023,650
18820,-3748,-1648,27.21,2665,5147,5179
14488,-28488,-2600,27.17,-2975,7886,1510
21044,-6192,-1896,27.12,-6502,290,-1722
21108,-1256,-588,27.12,-13909,2243,-8293
18368,4252,-324,27.21,-6714,214,-6561
13112,-1116,-3116,27.12,367,-4641,-4974
14792,3892,-8136,27.17,-1594,-20313,-6096
7120,-2260,-15464,27.17,5536,-17110,10102
1732,2292,-13512,27.21,3278,-8406,12232
-580,100,-13448,27.17,-1836,-1830,12677
632,2940,-11832,27.21,-3612,-347,7315
4508,4276,-12852,27.12,285,6948,5934
448,3004,-15588,27.17,1406,677,-499
8592,4952,-15904,27.21,-953,460,-1453
3568,1476,-14616,27.21,-683,732,-469
3880,3772,-14328,27.17,1354,1715,-2325
6236,5076,-16100,27.17,646,-9553,5123
1704,4612,-16008,27.17,2925,-6471,-8937
3020,-168,-9408,27.12,2134,837,-11951
6732,3796,-6752,27.12,-19809,28552,-21911
17444,-492,-8364,27.21,3458,19128,-746
20404,-5560,-2148,27.12,9433,14534,5491
16980,-8416,2668,27.26,8479,5745,4848
17640,-4872,416,27.17,6591,-2165,1935
20084,-4048,1248,27.17,2030,-5682,-3013
15900,-7408,4404,27.21,2625,-5374,-5437
14856,-20164,-2840,27.07,-7274,-8536,10007
20928,-5272,6856,27.21,32767,3550,-11912
13400,-13940,-5108,27.12,-15327,-3662,4589
15884,1728,2192,27.17,-12931,7146,-4603
12764,-8692,-36,27.12,18826,-9861,-573
15304,-4736,-1720,27.21,-3929,4630,5971
14976,-3476,-3576,27.17,-7672,5177,2599
17640,-5100,-6476,27.12,-2635,5356,878
14292,-8852,-4424,27.17,-2637,-5352,1215
9696,-12536,-2020,27.17,-2991,-3347,1033
12964,-7552,-4668,27.26,2423,3475,1336
15364,-8528,-4456,27.21,-1589,-2813,-4797
13320,-8012,-7548,27.12,-5428,-2741,-1806
14612,-3584,-6888,27.12,-7479,1670,1007
13616,-1256,-3200,27.17,-22045,6184,3415
14228,-268,-6692,27.17,4371,6517,2600
15964,-7500,-8860,27.17,2265,7202,403
8424,1692,1768,27.26,194,2018,-457
21856,-7480,6948,27.17,-15878,-635,5949
19836,-432,4324,27.17,-14008,7584,3415
5572,-32768,19172,27.07,-2843,5309,-12946
-7780,18652,16724,27.26,-32768,10408,12654
24936,11928,-11804,27.17,-25001,-13308,-5101
19644,19796,-1524,27.21,-191,-922,-222
9240,15876,-1688,27.12,-8625,-5981,-4056
684,17180,140,27.21,-8339,-12035,-8313
-2944,15016,1756,27.21,-640,-987,-6860
580,18436,-1712,27.12,8356,-14439,3519
3548,16652,-9052,27.17,16251,-16337,5826
-10100,19164,-5796,27.21,22489,-13490,9960
-8920,6748,-10204,27.12,22095,-5851,4316
-5380,-4456,-12844,27.26,6496,642,7658
-5692,264,-12132,27.21,-2574,3193,6270
-3272,6212,-14428,27.21,-5349,2388,8956
-2680,8668,-14388,27.17,751,3702,-1213
4060,7636,-15212,27.17,-665,4810,-6059
2312,3512,-15100,27.12,-247,-1767,-4842
3684,1548,-15628,27.21,-903,554,2310
2716,8336,-15136,27.21,-2561,-6148,-254
-3796,7300,-10352,27.26,11320,-5365,-4776
-2320,6452,-11852,27.21,-768,1569,-8959
1052,-964,-8664,27.21,12087,11740,-20660
10176,-4012,-5952,27.17,-216,21688,-24494
20708,4412,-2268,27.26,-710,17889,-6986
22784,3520,3608,27.17,1852,18013,963
19840,2468,4720,27.21,-3336,4054,10972
20072,3472,-2040,27.12,4412,-10656,-773
21896,2708,5592,27.21,10862,-6015,-5574
13912,-3520,9916,27.07,30016,640,32767
22824,-4360,12920,27.17,32767,-16315,-2051
15264,-4744,1020,27.12,-32581,-5641,-86
13760,2984,648,27.26,-1780,-13735,9436
13312,-2608,676,27.21,15732,-2577,-9854
14800,-2120,-2636,27.07,-3644,120,10546
19156,3808,-3204,27.07,7262,11229,-2204
18368,-4616,-6300,27.21,-2636,5677,-7050
18892,-2780,616,27.21,-4911,-7681,6855
16668,348,-360,27.07,-4417,-4060,1273
12888,-4572,-548,27.21,-14738,-1125,-4283
18328,-4100,-4572,27.26,9620,7101,519
11916,-2360,-1632,27.12,-3180,1030,-3683
12668,-156,-1144,27.12,513,3964,1161
13744,-5476,5420,27.26,-15726,-9550,3440
23528,524,-2660,27.17,-10714,2791,5360
19696,32767,-3796,27.17,-3377,9130,-24406
-8224,-3324,4432,27.07,-32768,18225,4069
26708,-26532,-4680,27.21,1083,-5189,-332
20508,1744,-9704,27.12,10002,-5786,6171
19956,3156,1392,27.12,-15064,2262,661
20320,5544,-272,27.26,-15671,-4519,-2322
17440,2268,-516,27.21,-8691,2574,-277
13332,2996,-516,27.21,-670,-10500,7749
14512,2500,-5636,27.21,-4480,-15990,668
15412,5496,-10712,27.26,-5356,-19282,4488
5820,3064,-12992,27.17,-1567,-12856,6936
404,3148,-10020,27.17,3727,-8522,10011
796,1308,-11032,27.26,-4754,1064,7575
8024,1160,-19652,27.21,3068,606,1228
4800,3908,-16148,27.26,-1042,1374,1259
5972,2024,-15228,27.21,5711,-2272,-2954
7680,-724,-18548,27.07,-3832,1340,-1592
5544,8796,-12472,27.26,8752,-5691,1286
4512,724,-10328,27.17,6449,523,-9884
1796,-3672,-4400,27.21,1827,13377,-16451
15280,-10036,-1896,27.21,13081,22584,-4423
20944,-11696,2948,27.17,12658,17053,-2994
20220,-4148,5808,27.17,-2086,4671,-3350
20244,-2828,4092,27.21,-2814,-6625,-5426
25820,4912,1532,27.21,27010,7879,6984
14820,-11840,8640,27.17,13061,-19438,-20973
12016,-2364,44,27.17,2603,1153,6556
17572,-5828,-6384,27.26,14455,-9500,6184
12740,-8688,-6056,27.26,15612,-10375,-167
11980,-4092,-396,27.26,-24181,3719,10171
21620,-14364,13328,27.17,32767,-1437,-32768
19992,-12884,-448,27.21,-32768,-15305,13018
11516,-9388,1440,27.21,32767,-8393,-6255
16588,-6212,6532,27.21,11612,32767,-17956
21476,-32768,-16284,27.21,-21257,-6859,12814
25944,11904,10988,27.12,-32768,20209,8899
18636,2936,9244,27.12,32767,9034,-24097
13388,-29148,8964,27.12,32767,-7523,-32768
22612,-12092,11332,27.21,-26201,32014,23426
25440,-10172,-3584,27.21,-25550,32767,1566
11572,-532,-2268,27.26,16531,-8794,-1236
19704,-5300,-1300,27.21,26928,-5875,-2030
25288,-8696,2044,27.35,6129,-27783,14001
12068,2640,1156,27.21,9347,-5322,5464
15124,672,0,27.21,7883,8781,-2857
19460,-20328,-2760,27.17,-32768,-20124,-20079
11160,-12568,-5448,27.12,29565,-12723,4268
3800,-6508,840,27.21,6401,4499,-4203
12084,-3324,1236,27.26,12303,14787,-7832
22708,-8384,-2416,27.21,11777,-17144,3457
16536,-9716,-2576,27.17,-9807,-17806,-1312
12740,-1360,96,27.26,-12015,439,6898
18340,-1816,-3892,27.31,14495,5589,-4791
18220,-18072,-540,27.31,-20808,10609,14198
14744,2364,-2576,27.17,-16827,25546,2710
15660,-3272,3552,27.31,32767,24301,8824
19544,-5804,8548,27.17,15923,10376,2952
28368,-13004,9144,27.21,-23364,-32768,28326
8332,-2036,8200,27.17,178,-6972,-3309
19476,-6768,11380,27.26,6077,32767,-1220
22248,-10964,-5640,27.21,1044,16884,-16235
10824,-1176,2568,27.17,-14946,64,-4173
15844,-10084,4340,27.17,15960,10736,-16771
18748,-5608,6316,27.21,-1848,-7380,7087
20276,-8216,2260,27.26,-9331,-11156,11087
16504,-3624,3932,27.17,-15883,-6672,10633
11728,-2336,4680,27.17,3500,7281,-1723
24472,-9216,5332,27.21,14004,22520,-8775
15164,-10916,-492,27.17,-29328,-6651,-9217
11628,8660,12056,27.21,-21992,6056,-18020
18996,-10624,2584,27.21,-32768,13363,1851
22968,-1196,3812,27.17,-28475,9856,14261
17420,-180,4976,27.26,26700,7133,481
18872,-10412,1760,27.21,1061,11589,-9096
17692,-7796,1064,27.26,-3476,3725,-5116
23248,-5584,6192,27.21,-24122,-18351,7279
15704,-1444,4948,27.26,5189,-9625,-4178
13748,-2924,3692,27.21,5094,6875,919
17992,-6372,1156,27.26,-3394,8586,-5545
18508,-116,1964,27.31,-4094,3693,-2731
20772,1336,2916,27.26,10480,13688,-6815
13660,-12220,6712,27.21,-20154,-15319,-17395
16044,-1856,7664,27.21,584,-6309,9385
15308,936,4996,27.21,13109,2560,3257
15868,-10344,3776,27.26,8239,1219,4616
19796,-5548,4416,27.21,-164,-9449,9887
14472,-4944,5876,27.21,-20616,-6148,2676
17048,964,8136,27.21,-4101,953,-45
16416,-11952,3612,27.21,21324,9331,-8254
13912,-9948,3004,27.21,-12795,1551,5742
12616,-7672,2692,27.21,-2516,2439,-2225
16152,-10792,-300,27.12,7883,-3156,4100
18932,-2144,6100,27.17,10565,-12662,7953
14452,1208,4088,27.17,-10073,-929,-5078
17648,-6128,1388,27.31,19224,104,-3995
15712,-6548,1184,27.21,6945,-1217,-2683
15428,-2320,3708,27.21,-10043,-62,-652
13800,-2736,3760,27.21,315,8954,-3139
20084,-6744,356,27.12,8851,4915,-1438
17728,-5904,968,27.21,1289,-2602,3385
16508,-36,5400,27.21,-1780,-6789,241
14212,-6016,3336,27.21,-2240,3674,6295
14684,-9000,920,27.26,16165,2376,-1157
22648,-748,8384,27.21,227,-9213,-12737
14252,4152,1484,27.21,-11887,-8228,-22743
14844,10516,10688,27.17,24113,11405,1639
9696,4240,3816,27.17,4391,5365,2184
14936,10156,4,27.26,6319,-11277,8556
16760,1200,-4368,27.21,-2268,161,2524
17004,3640,3720,27.21,-11971,-7787,1749
13472,13572,14012,27.17,1164,6060,-19317
12292,6952,4716,27.21,-2787,-1813,-4300
8164,12728,9732,27.26,175,9236,-2778
6264,14136,4896,27.21,4070,3565,-2895
6332,16668,9728,27.21,7833,5620,459
4672,16992,8000,27.12,6095,5913,17198
6972,18148,7572,27.31,-3344,-5123,76
10036,13848,8504,27.17,-5702,-549,-7677
13168,10548,4424,27.21,-10036,-3697,5682
14548,6732,8280,27.21,-5805,-12149,11712
11688,-3380,5600,27.21,-11864,523,-13125
14828,4156,1120,27.26,-5985,-8713,-461
19144,5588,-4784,27.17,-10641,-7233,-5811
11468,12744,9704,27.31,18227,5299,-5105
14080,7124,3924,27.21,-5580,-9328,3815
14624,10700,-3944,27.17,-22933,-7414,-9740
3448,18444,4408,27.17,-10925,4243,-17009
7656,16652,1636,27.21,321,-1632,10292
12408,14104,11304,27.12,6009,752,-2605
6756,8048,1360,27.31,-5278,-9635,3253
11100,14832,5356,27.12,-4457,-5614,-9288
1508,15264,3772,27.21,2479,4183,-9475
7516,5868,4688,27.26,1074,12127,27097
27204,916,9900,27.26,13131,-11101,32767
11260,-6920,10284,27.12,-19229,-9996,-23362
15840,-5120,5280,27.21,10576,15163,-1196
16916,-4448,4944,27.21,-5507,13696,-1816
13208,-4488,1940,27.26,178,3067,-7587
23888,-6176,6232,27.17,-8831,-7548,8230
15216,-5684,12520,27.31,-32768,-11715,-30952
11008,632,10236,27.21,-10402,1474,13153
27448,7992,6184,27.17,-17405,22567,13367
20472,4496,388,27.12,-6522,18462,-5447
17476,-17784,4124,27.26,15065,1921,-9343
14960,-6328,10556,27.21,-7778,-9326,6535
10696,4352,9448,27.21,-12656,-2386,-4062
22792,608,3428,27.21,9077,856,3066
16260,-4524,4604,27.21,-13629,-6636,4371
14212,-7640,4808,27.21,11911,9108,-2479
14936,-4872,3168,27.21,-9361,5819,-3625
16024,-2624,3300,27.26,-7993,3089,-4386
17532,-3312,4084,27.26,-2557,-6738,-2241
14868,-6512,3608,27.26,-4123,-2669,-1578
23860,-10252,-2264,27.26,9840,-11026,11611
20912,204,-4464,27.26,-27072,-25189,-15554
-1892,-3892,6236,27.21,-11518,56,12196
32767,-2652,-2976,27.26,11230,19202,3639
27276,-16752,580,27.17,32767,8505,-22321
14568,-1720,8932,27.21,-27652,-18702,1245
15676,2120,6520,27.26,11136,-3530,2176
21404,2008,8440,27.21,-14717,-2127,6823
12444,-2016,4084,27.17,14155,3946,-594
16660,-6344,1400,27.21,5550,2999,2195
14832,-3940,3128,27.26,-3181,-498,1959
13788,-3120,3704,27.21,-3223,-750,-2488
19644,-5232,1344,27.17,2427,4763,-144
18688,-1888,3828,27.17,-18338,-2485,5219
15748,3004,4088,27.26,1309,-5567,-3144
17032,676,5640,27.26,6115,4667,7456
20200,-5144,1176,27.21,15314,8351,-2907
15892,-8488,2604,27.26,-21526,-17501,11484
14064,-3660,4648,27.21,22161,711,-2942
16468,-7056,2768,27.12,23808,11179,-869
23408,-7768,-1256,27.21,-7605,-4334,13246
22224,-808,3028,27.21,-12192,-18982,4282
18992,-1452,1868,27.21,173,-12187,-1634
17896,1612,4300,27.26,18952,8360,-14939
22056,-5280,6484,27.21,32767,2289,-9432
13160,-14828,5752,27.17,2296,-3476,23172
19384,-9652,6184,27.17,-16105,7590,10624
16300,-3364,7400,27.26,18217,24102,-7320
17456,-8888,2876,27.26,18945,4142,6830
17476,-4544,5940,27.21,-4910,-8301,12813
30052,-12164,5936,27.21,-10499,-26987,18777
15292,-8664,5732,27.26,-6865,-27422,15965
1436,4880,7060,27.31,-5749,-3661,-4682
32228,-12136,20172,27.21,32767,30774,-27224
30672,-32768,15600,27.21,32767,-12883,-28927
18320,-4156,18856,27.26,-32768,-20797,29832
12340,-668,4264,27.12,-1795,-3593,-10636
18184,-3396,4828,27.31,-7231,6192,-3832
15560,-5540,6476,27.26,-10344,-1747,-7237
18480,-1896,11140,27.26,-32768,10467,3964
17616,4128,8948,27.21,-32768,-8371,-3725
14440,2660,5156,27.31,9158,19311,3242
25300,-2148,700,27.26,-7308,17303,-11605
17532,-8416,4084,27.21,-1793,-5840,453
13076,-4172,5836,27.26,-1975,-10035,-1058
21916,-21348,380,27.26,14878,10161,-13191
25124,-4848,8136,27.21,-32768,-1818,8628
15852,1240,5980,27.17,3200,-4675,4287
12608,-6536,-924,27.17,2141,5529,-8319
14076,-3976,-2252,27.31,11175,2989,-14987
13896,-1096,3128,27.21,-36,2240,1086
16408,-608,1800,27.21,-8674,-1607,3392
28832,-4292,5984,27.21,-21264,5838,-8416
32767,-19944,-3296,27.35,-9236,-8416,5756
8804,5564,11952,27.26,-16650,-9974,-514
2784,-6392,10996,27.26,-3296,2556,3111
-10884,-11816,-18248,27.26,-634,5783,32767
21124,1696,4228,27.26,-3365,-2357,-742
21436,7552,3772,27.31,-7099,-3312,-17295
10016,17776,2168,27.31,-4976,-155,-18926
13856,9636,-2592,27.21,-2069,1607,-4054
18536,13012,-1576,27.21,3818,-19252,7894
13396,9860,-7640,27.21,5873,-23254,12572
8424,1864,-15468,27.31,-2952,-9528,19821
7976,3092,-10540,27.31,-4715,-5818,8197
6760,4216,-9444,27.31,-4702,438,4159
8468,3916,-12632,27.26,1980,4882,5717
18584,-9560,-22968,27.31,11655,-3636,-3832
5728,-4720,-8564,27.26,8536,-4596,858
13004,-1900,-12404,27.26,-10666,242,6333
3700,-988,-10832,27.26,3738,1797,-16399
13344,-2452,-13864,27.21,-11827,1271,2250
7680,-2164,-14840,27.26,1328,-2721,6234
2116,-2768,-12840,27.21,4124,1717,4387
7008,-4276,-5680,27.31,4996,4542,-5757
11088,-3352,-3932,27.26,5955,12182,-7783
16948,-9448,1444,27.35,14983,19102,3171
18244,-8336,9100,27.31,12280,12569,5610
12520,-5712,12260,27.35,5904,-4210,-1772
19288,-1408,11036,27.26,5035,-10440,-9554
20496,1076,7524,27.31,-8399,-7493,-388
24040,-15804,4364,27.31,-620,-757,24396
18976,-4608,11536,27.17,23278,-15809,8338
10848,-8964,4460,27.26,11808,-4680,653
16316,-9136,5236,27.31,-31009,-1600,16761
16452,-3636,10356,27.35,-224,-16443,-21937
17916,-6084,2768,27.31,-16264,-15288,13380
15376,152,3148,27.35,-10640,1099,5610
12764,-5284,6020,27.26,32767,32767,-2357
12316,-14124,5828,27.26,2482,-4718,617
8860,-7232,4816,27.26,5292,-1831,2612
12476,-4336,5372,27.31,6679,-2500,5100
9204,-3476,10980,27.31,-20691,-2100,-5983
16332,-4868,4840,27.26,-8784,5824,-8615
27296,3268,-556,27.21,-11224,2821,-18404
22532,-7716,10296,27.31,16337,12574,-8677
20444,-12548,-7424,27.31,-21743,2723,-4055
14848,2312,7708,27.17,-7363,-3211,5346
18076,-116,6372,27.31,-8554,6137,-6472
18872,4460,10180,27.31,-7588,-1925,-13441
18844,7656,6884,27.26,-4159,-6882,-1303
13640,1476,6240,27.31,2515,-6370,262
18172,5852,-3156,27.21,10663,-26134,7880
13716,3768,-7984,27.26,1904,-26357,2571
3328,-732,-11064,27.31,3242,-13625,32767
5808,1920,-14024,27.31,-4829,-8250,14342
708,1024,-11232,27.40,706,3357,4478
14444,10132,-17784,27.40,-543,5573,5673
10176,-752,-16844,27.21,-1822,5352,-2109
8232,1592,-13304,27.26,-1200,2575,-1875
12604,4044,-14264,27.26,1906,-7116,3082
1900,-524,-12860,27.21,8631,-1713,72
2992,-1836,-14216,27.21,6368,-2991,-6705
3136,-3972,-5108,27.35,7171,9363,-13818
12800,-5348,-1048,27.31,12499,16119,-5485
23608,-10536,2740,27.26,12476,16492,-796
15760,-10028,5084,27.26,287,11894,-180
14624,-8748,6312,27.35,763,3788,7426
16040,-7188,7460,27.35,-7157,-19,2005
15728,-7296,6260,27.31,1436,-6054,-5711
16840,-16828,5236,27.31,-4326,-7317,-10146
20132,-13532,5244,27.31,18379,-12882,9463
12996,-4132,8952,27.26,23598,-8206,-12155
12288,-11328,-920,27.35,20738,-6555,5068
16668,-5544,3992,27.35,-15815,-9076,2014
13536,-9144,1988,27.26,-4970,-7210,6816
12364,-4776,1960,27.21,-8117,4671,6270
17788,-5124,1624,27.31,19673,11328,-185
19048,-13364,1112,27.31,2729,9145,-25648
16340,-4192,7880,27.35,-3438,-13490,3068
13344,-6420,7000,27.35,4613,-1896,2928
9760,-6252,6036,27.31,5484,1583,1014
10224,-5920,3592,27.26,11958,5370,-1775
14960,-6904,4592,27.35,-20105,-85,5051
15936,-5144,5192,27.26,1522,572,-3358
14308,-10744,3764,27.26,-20820,7377,-9526
22496,-5736,6684,27.40,-6199,927,-8682
15168,2584,10572,27.26,5868,21392,-9719
12860,-16,6944,27.31,6684,14543,-32768
20100,16980,376,27.26,-15037,-32768,32767
14664,10724,7876,27.31,-5260,-1846,6723
23068,3740,7052,27.26,-2665,-2673,1988
17408,2788,13072,27.35,-6523,3125,-8165
16224,5332,10968,27.35,-7344,-4919,-9757
10736,-692,5728,27.26,-2069,-1247,2625
13032,2856,7348,27.26,-3131,-1903,-8367
17712,7132,4160,27.21,-2335,-9555,-3512
18672,9832,-2516,27.40,-938,-15189,-10296
20044,11116,-10116,27.31,2392,-22963,10447
5560,1004,-13440,27.26,244,-13077,9146
3448,3032,-9064,27.35,-2838,-4359,7928
8832,6772,-9740,27.31,-3960,3993,7019
5776,5000,-12160,27.26,46,4943,6537
14544,5672,-11760,27.35,-996,5320,2117
10948,6384,-10324,27.40,-1842,-6017,4388
11888,3048,-12912,27.40,-1503,1327,726
12524,4728,-12808,27.31,1624,-3119,-712
10544,5036,-10912,27.40,-4824,-46,286
10652,4764,-11864,27.31,-720,577,-1041
10768,4976,-13160,27.31,1303,-1396,-744
9748,10680,-10624,27.35,1111,1227,-4037
5988,9760,-10716,27.31,9012,-7620,-20
5744,3480,-14872,27.49,8900,1683,-3568
7652,3172,-9540,27.31,6523,5850,-10976
9840,-228,-3656,27.31,-52,15093,-10406
18844,1056,-1912,27.31,1711,19864,134
23172,268,4040,27.31,5157,16658,5111
17188,-1100,6668,27.35,6201,4868,7589
12096,-4416,8440,27.40,-2260,-3693,-2343
17372,-2308,6148,27.35,-2319,3327,-812
18104,1568,4212,27.45,1678,432,886
17744,-8864,10108,27.26,-2337,-7064,-6893
17684,1172,9960,27.40,32767,-13545,19216
10920,-6448,5596,27.31,31922,-9461,10363
21120,-9072,-60,27.35,-10374,3316,10903
18388,-3124,9308,27.31,-22034,-11816,-17891
8348,-5912,4844,27.40,14834,-4906,-1942
15884,-9740,4604,27.35,11552,24145,2309
19440,-6972,-100,27.45,-24712,-6320,-4663
13232,-1300,2188,27.40,12169,-3707,11111
22116,-12328,-1364,27.26,-18218,722,-2379
6444,-11920,6532,27.31,9915,-16150,-966
13504,-8900,4608,27.35,-4970,10570,4525
18296,-8028,2004,27.31,13918,13067,-7506
15920,-9072,2188,27.31,-1371,3976,-2805
16312,-10268,4096,27.35,-5427,-13289,7892
13452,-8476,4732,27.45,-2864,-11031,3695
10800,-7984,4028,27.35,975,-1344,-1671
15688,-10364,672,27.26,-4910,15281,-12392
13248,-3928,2168,27.45,9594,-2489,4574
28924,16568,11056,27.40,-32768,32767,-32768
7684,-944,12228,27.31,-12207,-14745,-18916
6128,3624,6256,27.40,10598,-9857,13454
17776,-4,12640,27.35,15693,32767,26937
15152,-2352,10088,27.40,-16097,-15761,7999
16916,-6292,10372,27.45,-7183,-13898,1575
10932,-5080,10736,27.35,-6719,8371,11454
13788,-13256,8472,27.35,-32768,13941,-28230
17096,-5888,4820,27.40,29366,-10218,-3432
11148,2916,13152,27.40,3801,4123,9178
32767,-25424,4416,27.35,-32768,-4204,32767
19340,5800,9528,27.31,-8189,5707,6233
14632,232,12052,27.45,-2934,-2270,7189
19492,-552,9760,27.40,-2304,3417,-2207
15508,868,12088,27.40,-10451,2737,-9285
16528,1912,6712,27.40,-9830,-2435,-10526
13100,4016,7612,27.35,9365,-4470,-2155
10224,9280,3640,27.40,16370,-13319,-6438
10396,9848,1572,27.40,8206,-19376,15955
17076,3988,-8360,27.40,-5963,-11973,6591
15232,3388,-12112,27.40,929,-16491,8612
7768,1536,-14336,27.45,1832,-14628,11171
3564,180,-13328,27.35,1834,-8892,11981
-404,436,-13760,27.35,-1310,-1197,9482
-1304,3784,-13384,27.40,-12264,3478,4329
5608,6328,-13456,27.40,380,22471,8533
9672,1512,-13496,27.31,339,7161,347
9676,-524,-13160,27.45,-455,-1184,3956
10800,764,-12608,27.35,1659,-2352,1934
9260,2064,-13736,27.45,-2329,521,-3092
11564,1484,-15184,27.35,3964,-11627,-3217
6064,144,-13312,27.45,13841,2074,4099
2228,-4832,-11040,27.45,12913,2944,-10263
6464,-7456,-6744,27.40,5552,5880,-14732
14864,-4176,-4592,27.49,2065,11177,-9682
21928,-5740,-2224,27.49,7800,13927,-4740
16372,-64,5192,27.40,12017,15806,-3281
14972,2064,11640,27.40,5605,5735,3613
13304,-3032,8348,27.40,-1760,1927,4459
12836,-2428,11948,27.35,-2512,4615,-877
12684,-1072,12156,27.31,-4465,2162,980
8656,-3092,9908,27.40,441,-875,1948
8016,-4244,15876,27.35,-4756,2041,1279
10600,-8260,16176,27.31,3394,-7082,-1961
16248,556,25012,27.45,11316,-3666,24633
10732,-12252,11644,27.35,24310,-11781,15890
5824,-13236,9668,27.31,32767,-15848,13374
19704,-12056,15272,27.35,-32768,6569,-13697
5324,-4344,7000,27.40,12925,-18990,4780
11492,-8124,7048,27.35,16810,20342,3364
17960,-8236,4792,27.40,-8979,12520,-15291
13408,-8860,4692,27.40,1679,-7305,4191
22976,-20884,10120,27.35,-32768,-1437,-32768
5528,-5888,5160,27.35,-16863,-21008,-3287
19152,6544,10268,27.45,-12041,3540,32467
19304,6524,-2784,27.40,-12150,9087,4098
19420,1488,-10968,27.40,7168,-4800,2819
21080,920,-1616,27.40,14328,-10416,-2896
14656,-1600,3960,27.49,13119,-3422,-16735
13700,-7192,-1448,27.49,1166,4266,-2476
21412,-1572,-9252,27.45,-12343,1521,-675
11572,17880,1500,27.40,20172,-3530,-1465
27836,-1124,2696,27.40,32767,4476,-20559
8940,-7828,5800,27.45,-25149,-32342,-4279
11612,21808,14272,27.40,-5508,16767,32479
32767,-7792,960,27.40,32767,27125,3350
13984,-2272,6960,27.49,-22944,-2935,-1983
18128,-5420,3860,27.40,26783,6496,6875
18792,-5332,5280,27.49,-12532,-14456,6936
9568,-1660,5240,27.49,-3504,-9651,-2154
10108,-4740,5868,27.45,7624,5219,-6135
22720,-4496,6012,27.45,-2625,21147,4667
17452,-5600,5748,27.54,695,-2839,-9370
17396,-5716,6016,27.49,-8913,1266,-2686
9092,-9916,8128,27.40,-20655,-1281,7069
29100,6224,-156,27.45,-5532,-1592,-32768
9832,-9028,-11832,27.49,-20583,-5059,18237
27224,2220,-496,27.40,-3839,5873,3689
15808,-6924,8324,27.40,-5579,4181,2862
20676,-4116,11768,27.49,-10311,7540,-5904
16844,2468,7192,27.40,-3824,3310,-8291
10796,4168,8780,27.40,10741,4927,-3922
12632,4912,4624,27.40,14694,-9321,-13344
9356,11228,3420,27.45,1917,-12719,-4439
5932,10152,-2016,27.45,2390,-11611,10713
14984,12864,-12180,27.45,-17,-15351,5209
12976,8740,-10904,27.45,4578,-17427,-3059
7156,3980,-14848,27.40,6547,-7521,6616
3580,3644,-11308,27.45,-4159,-4810,462
1472,8120,-12892,27.49,-3943,-1944,6259
2332,8816,-13984,27.49,-4248,2882,7881
-2728,700,-13724,27.49,-1405,3443,1834
4384,5848,-13724,27.49,202,909,2126
7664,8440,-12652,27.49,-1075,-118,4814
7532,6524,-13104,27.49,-2433,-2510,3088
6856,8200,-12792,27.49,3691,1867,-1204
6968,9388,-12380,27.59,2092,2101,-6223
8324,10156,-10404,27.59,4338,-14163,1944
-2804,3028,-14800,27.45,6841,3922,-3122
5420,3024,-10856,27.54,950,8461,-11716
8492,680,-10488,27.35,5450,12146,-10557
13184,-2608,-8468,27.45,2199,17434,-2067
21832,940,-6340,27.45,2752,13160,-3763
16856,1360,-2740,27.40,8130,5835,-261
13500,-4052,1212,27.45,8490,5986,-748
15064,2124,3756,27.45,4320,6238,2805
16540,-3216,5876,27.45,-6897,7275,628
18864,3000,6648,27.49,-6713,-2580,-1009
17020,1400,2344,27.45,-215,644,-13921
27156,-3640,8416,27.49,1343,-17877,5315
17788,-112,7016,27.45,32767,2370,-1087
14528,-5468,1484,27.45,32259,3076,4203
20008,-5160,1544,27.54,-32768,-15011,9346
15040,-4164,4052,27.54,18362,-12703,-1724
9780,-4420,1928,27.45,-6687,3835,6497
19364,-3056,-4160,27.45,-5275,16082,5949
22860,-6260,-6448,27.59,14384,-5448,1414
19204,-3016,-256,27.45,-12780,-16393,-2857
12664,-5228,1076,27.40,6061,-4617,-8
12496,-3992,-3048,27.54,-14532,8776,-1120
14096,-10016,-10544,27.54,6404,7725,-547
16856,-10396,-5080,27.45,3893,1425,3602
14840,-3416,1040,27.45,-1445,-354,2179
15972,-6172,-520,27.49,9490,998,-3492
15012,-8524,-756,27.45,-2009,591,-1696
16556,-5980,-48,27.54,2506,-766,607
13360,-6288,1880,27.45,5182,-427,-4046
16956,-2108,1836,27.40,5208,4434,-3219
16804,-7392,160,27.49,4196,1624,-236
15136,1928,5296,27.45,-15829,-1004,1963
15984,-7280,516,27.49,7437,-546,-886
15912,-2272,3572,27.45,-5181,-462,-1169
18548,-2864,3732,27.49,-6610,-2035,2031
14188,-300,2720,27.45,-10013,4580,-4470
16456,-4532,-1260,27.54,-3490,808,-1591
23628,1368,1868,27.40,-5757,-9226,-15164
9736,8132,1568,27.45,2058,2041,-5112
15792,27932,5728,27.49,-3921,-7199,4785
17664,18216,8268,27.49,-9259,-5586,2048
18812,4704,892,27.45,-26327,-4157,28226
13476,-6332,5424,27.49,25333,-1860,-4148
15856,-4304,9196,27.45,-3952,-1318,6383
20284,-5760,6976,27.49,-975,3249,1636
13660,-9968,988,27.49,-6130,-377,2046
12720,-8340,7480,27.49,-10519,-1224,10342
25492,13744,5244,27.49,-1513,-4706,-25599
15028,5200,-1788,27.59,-1203,-2403,-1343
21676,-180,3136,27.45,-3139,284,-4224
19968,4772,4984,27.54,-8203,4932,-15648
13300,3436,2628,27.64,66,-3609,-10841
9644,4680,4808,27.54,-1143,2879,-3517
9636,7668,424,27.49,-243,-3836,-3197
13884,14724,-300,27.54,4957,-10501,-6944
10968,11504,-2744,27.54,8136,-10187,2054
9612,7096,-6756,27.49,2739,-8881,10240
16228,8664,-11248,27.59,1391,-13014,14144
7132,1848,-13716,27.59,-1304,-10680,18268
3816,4136,-13276,27.49,-1446,-5636,16364
3380,612,-11900,27.59,-2027,2221,9290
12168,7292,-9272,27.45,-6276,6950,-9920
13632,3816,-15420,27.49,-3191,1928,7242
13072,7552,-11052,27.54,-6430,2003,-965
8664,-1116,-17060,27.49,12723,3213,16
4472,4204,-13100,27.54,641,1186,-2719
7496,5152,-12412,27.49,2492,2023,-5154
1804,4624,-12328,27.59,5733,-8755,3195
5284,568,-12524,27.59,7010,3650,-10069
6400,-716,-7640,27.49,146,6975,-11942
9904,1680,-4964,27.59,-6790,21658,-4040
24456,3108,-3120,27.45,6260,17111,9328
20616,-296,1820,27.45,14688,4098,7022
12432,-4020,5396,27.59,10567,-5745,1488
13416,-5412,4028,27.54,-77,2344,1349
16540,-5404,6776,27.49,-3874,9166,5621
21400,-5884,3640,27.49,1801,-3888,645
18392,-5540,3664,27.49,-1745,-11922,-7861
19500,-3136,9848,27.49,32767,-18142,6181
13184,-8676,2432,27.45,11023,-12357,-2812
14396,-8784,2060,27.54,24103,4553,-2421
21340,-10616,400,27.59,-23473,-20635,13691
13596,-5992,2304,27.49,-9322,-11264,394
9284,-5372,1232,27.54,7614,6184,786
20540,-8680,-584,27.49,19384,18996,-1651
17404,-10116,-4156,27.54,-10581,-278,-5551
17232,-8752,-1388,27.64,-13582,-5496,4998
18552,-5940,448,27.54,0,-15064,-13350
10908,-11244,-276,27.59,-4123,-600,4957
12940,-7272,260,27.59,-5096,19958,634
20684,-14504,-2304,27.49,19584,21934,-12995
14040,-8896,1208,27.45,-3273,-11574,6736
15520,-7244,2180,27.59,1689,-11140,3137
14232,-5916,1456,27.59,1021,-9297,-662
11604,-6212,1428,27.49,-877,3391,-7397
17372,-4672,-1260,27.59,4464,10586,-1486
16592,-3944,-1792,27.59,-11295,-1890,-1788
10288,-7148,4204,27.59,-4317,-1654,-4895
22444,-8160,688,27.64,-18253,-6402,1548
17808,-6120,-2892,27.54,-4232,-2642,-2064
14092,-6580,-2044,27.59,-2911,4188,2233
15464,-4580,676,27.54,-9129,7161,4723
14084,-3060,2788,27.49,4746,2375,2125
20456,-14092,-776,27.45,-3534,4500,-8722
5676,-17296,1624,27.54,-1781,4888,1487
19008,-6980,160,27.59,-4901,10101,475
21396,-6560,5892,27.68,-1116,-77,-4378
19000,-7696,6120,27.59,-910,-2583,1263
19364,-4336,6992,27.54,-9610,11962,-2785
11488,-8544,2144,27.59,-4571,2136,3854
14452,-6584,4760,27.49,4366,-998,-9688
15712,-1272,4212,27.59,5931,-10545,-10669
13044,-1144,1720,27.49,-2942,189,3924
17676,4,1248,27.54,-7092,528,-1811
20100,2996,12,27.49,-2871,-10775,-11799
15104,-956,-8068,27.68,-5703,-11977,7021
15720,3016,-9376,27.59,-5112,-13922,4802
7232,1144,-13328,27.59,-2653,-6911,9780
7904,288,-13532,27.59,-4012,-4771,10158
7036,1332,-13156,27.54,-5366,1354,3158
3920,3112,-12972,27.64,-3282,-4534,1257
6756,2940,-16212,27.64,435,-492,2018
5436,4880,-11332,27.59,263,-637,2795
2896,604,-13200,27.54,781,-12,4086
10736,6400,-15680,27.59,5631,-12037,-442
2436,-140,-14428,27.64,3415,3583,-2642
3260,8,-12180,27.64,-1419,3762,-9015
4768,-32,-8656,27.59,2458,9942,-3801
10928,-2484,-5228,27.49,6460,17490,3039
20788,-8236,2512,27.54,16736,20049,3152
20104,-6864,1108,27.54,8986,5161,4550
13912,-9404,7936,27.59,2717,-3939,5989
18424,-6388,8868,27.64,2536,4689,5268
19264,-9020,4108,27.59,-1921,-7022,-6010
21344,-3008,180,27.64,28235,5085,-5892
15840,-2960,6444,27.59,31126,-9768,-10171
13988,-6832,2188,27.59,11443,-3532,11131
22124,-5164,4216,27.64,-32768,887,-13588
9248,-3500,2844,27.59,22228,8538,6284
15572,-8996,2916,27.59,20155,15932,9189
17592,-7680,-3404,27.49,-32768,-9389,5378
12984,-2180,4076,27.68,8068,29598,-14126
22116,-4984,5360,27.59,26061,-2342,2578
15992,-4988,736,27.54,-12352,-6733,2513
15676,-8820,1840,27.59,-24191,7722,10673
11700,-2660,5544,27.64,10222,10527,-3107
16764,-8800,5296,27.59,10609,10532,-2129
23400,-9596,3424,27.64,2016,-1117,23070
32008,-6616,3568,27.59,-12193,-17966,17962
32767,6968,5744,27.68,7549,-32768,-14137
5264,-13400,15112,27.49,29573,-25588,-1395
3136,-8428,15736,27.59,-25804,31446,-3245
32767,-15444,2580,27.64,18975,32767,-8627
23856,-7440,7796,27.54,7134,25197,-20109
18484,-14784,-156,27.49,5189,-2794,-9426
32767,-6028,6608,27.54,-8682,-23922,32767
21324,-2244,5456,27.59,-2025,-21352,8422
10864,-1948,3220,27.54,-4255,-11819,-9178
14620,-9712,7072,27.64,11371,19350,-6004
17516,-15396,-468,27.68,-3001,20892,-17052
17144,1564,2748,27.54,-21487,8410,-11225
15472,-8348,3372,27.68,18683,-3467,-4523
18872,-7340,4764,27.59,10937,-8163,14354
18948,-5352,2776,27.49,7024,-13816,9435
20664,-2036,1480,27.64,-15284,-14292,6678
11816,-2472,2692,27.59,10610,-3772,-9650
19504,-10632,2740,27.59,11564,12806,-5683
22664,212,-6880,27.64,-32768,6351,-28024
27800,-17912,-6244,27.59,-28149,15622,-8312
11900,8572,2612,27.64,6852,-1675,6968
16144,4968,2104,27.49,957,1546,-329
10696,21888,11736,27.59,7188,11344,-12160
2840,12060,6672,27.68,-158,2500,-2403
9568,5668,8928,27.59,-4492,-11169,19529
7944,7628,5224,27.54,1442,4120,-2563
15972,13120,3044,27.54,-6003,-11481,2607
11928,15392,2068,27.68,1982,-3748,3924
22380,10108,2424,27.68,2805,-4456,20192
12576,-5600,344,27.68,-569,7102,-2706
20220,2212,-1164,27.64,1384,8108,12725
32767,7096,-10884,27.64,-7827,-26548,-56
11220,29872,32767,27.59,32767,-32768,-7928
12976,-7880,4964,27.68,2916,16896,8053
32767,2056,10660,27.59,25761,14395,-23658
16100,-17316,5904,27.59,-4320,-6373,13425
25720,-6832,8136,27.59,25359,12827,32767
17976,2892,6484,27.59,-25827,-17084,-8264
32767,1584,-8608,27.64,6695,-30943,-12653
9524,-8336,336,27.59,-1332,-32768,3347
5252,784,404,27.59,8287,4250,-11732
15672,-14508,5596,27.59,22740,14144,-20497
24820,-16980,10280,27.59,19939,11811,-20892
13728,-11552,4040,27.64,-14164,2455,-1970
16036,-6920,3568,27.59,-3357,-5354,7661
12844,-3240,6284,27.59,385,-9764,-27
16960,-7816,8104,27.73,11974,4595,-3402
16388,-7448,4856,27.64,-9197,2766,2253
14712,-4748,4588,27.59,-16055,170,1533
15728,-3380,6240,27.68,3278,7359,229
18152,-13744,4756,27.49,-4121,13112,-7499
13780,-10176,3292,27.59,-4941,-5456,959
12884,-6184,6848,27.64,-159,-7624,-733
10076,-8572,5400,27.64,4993,1752,-2378
21696,-4748,9428,27.59,3701,7696,7157
19468,-9196,-140,27.49,-9713,-13269,19683
17288,-1876,5372,27.64,-16448,-6524,-2364
12680,-9940,4024,27.59,23792,-7037,-8930
18892,-10388,4836,27.59,10468,11866,-8234
15588,-9820,3312,27.68,1566,13673,-12125
13676,-5116,3868,27.68,434,-5690,2678
15284,-7192,2604,27.64,6442,-10088,5648
15544,-3272,7500,27.68,-18351,-2377,-9812
15696,-10248,3452,27.68,26320,641,4685
17344,-2708,1140,27.54,-5549,-5023,1369
16180,-3464,3688,27.59,-16119,-13868,5486
17936,-3464,6856,27.68,-7066,27552,3950
14348,-2216,856,27.68,-11409,-11342,-9747
13720,-1924,3844,27.64,-26429,-29653,14746
13504,-8664,1348,27.59,6030,-4658,-9108
13012,-14020,716,27.68,4802,1304,-6446
21944,-3032,5936,27.68,-11699,1429,15006
20364,-6468,976,27.73,-8501,-17484,9216
12252,-2280,4644,27.54,-11069,-4617,-5890
16656,-6776,3508,27.64,18877,12696,-7169
26780,-15220,1236,27.68,-2535,27532,-22144
14364,3820,3596,27.68,-32768,6787,675
15756,-3320,564,27.59,12506,-11918,-9650
17072,-14216,3984,27.59,32767,-7209,32402
12796,-2644,2488,27.68,1137,7191,5994
19644,-7452,-1808,27.64,-3388,-1350,-12594
20268,-11496,5196,27.73,-12269,-19198,15677
13000,-3928,5992,27.68,-11227,-1178,6407
25680,-25684,2556,27.64,-32768,9528,-29345
23428,3268,19516,27.64,-32768,-32768,5251
9876,-404,4320,27.64,-15164,-14229,3842
14792,11512,-5416,27.59,-1780,-4202,25878
19308,23532,4772,27.54,22396,16990,-32768
25552,-2836,23012,27.54,32767,32767,17744
11644,3064,7180,27.49,5549,-198,-2708
13540,3220,-7628,27.64,-13045,-5333,-19337
10788,12408,100,27.73,-1149,-1332,3030
11192,12748,1360,27.59,-3175,471,-838
11244,13024,2200,27.64,-658,1984,-397
11944,11620,1708,27.68,160,-738,-788
11876,11984,1464,27.64,84,-563,-176
11000,12540,1356,27.64,122,-516,-725
11208,12444,1200,27.64,-385,-409,-673
10904,13008,1124,27.68,-485,422,2241
11596,10932,1160,27.73,-9133,-5616,401
5312,19612,7336,27.73,-6027,-30262,6957
13628,6648,15388,27.64,32767,4459,17253
19600,1540,-1556,27.64,32767,12089,-5475
21248,3444,704,27.68,-2726,-10833,-4608
15572,-9216,312,27.68,-9522,1749,-5681
17460,4196,-3364,27.59,-10374,12936,-3570
19076,8452,-1132,27.64,7454,1458,4146
18136,1488,3968,27.68,14369,-8198,12835
14736,-1272,2048,27.68,1657,6733,-96
17088,-988,-256,27.64,-3175,3433,-3759
22972,16716,7376,27.59,-32768,32767,17904
15580,-12040,-6600,27.68,11998,-17647,13900
15952,-6412,5784,27.54,-17848,-22709,8325
10860,-15312,-992,27.68,-5894,-9818,12959
11868,-6316,-6368,27.59,-18574,-4650,14021
3168,-9540,-12200,27.68,-748,-11771,2592
1452,-11060,-11184,27.64,6074,-5334,-681
-8272,-28800,-5344,27.68,6899,1582,7712
-5100,-17848,-1192,27.54,-4542,32767,32767
21168,2860,5152,27.64,24091,32767,-24469
12144,-29668,-4936,27.59,-21823,22842,2573
15052,-7100,-4440,27.64,-16609,-12303,-2759
8736,-6880,5164,27.59,11820,-4680,-1940
11752,-32528,-5412,27.68,28736,-7748,-21824
11712,-9452,-132,27.64,-3274,-4289,1914
14088,-10112,120,27.64,7987,-318,-5007
13372,-12644,3036,27.64,-11363,-405,-2201
15036,-5888,-1732,27.59,2567,-1779,2906
12948,-9276,3488,27.59,1723,14354,-1165
14536,-8944,1980,27.64,-25660,-1860,5574
8136,-11128,-7992,27.59,-4490,-15146,-7853
10136,-8580,-9784,27.59,-3631,1317,1410
5260,-13704,-6140,27.68,15289,-7767,1070
4480,-5220,-3272,27.73,4350,-4165,-1890
9496,-3628,-8968,27.73,-4399,-38,-3736
9608,-11844,-10000,27.59,1064,3757,-373
9732,-10156,-9120,27.59,434,614,-870
9064,-11556,-10244,27.73,604,960,523
9312,-10136,-9544,27.73,-955,-336,676
8780,-10412,-9004,27.59,-219,261,-188
8772,-10252,-9772,27.64,-347,-93,-38
8984,-10364,-9352,27.64,198,309,-694
7132,3204,-9336,27.64,-32768,2664,-32768
-4076,16048,-7176,27.59,8852,-1799,400
-716,10668,-10824,27.68,-5221,3149,14863
1560,8064,-10116,27.73,32767,-9208,11438
26652,-32768,-20844,27.64,32767,8830,-9944
9916,-10344,-10424,27.64,-4910,1002,-1232
8992,-10404,-9284,27.64,-177,-17,-73
9096,-10416,-9516,27.59,-278,94,-158
9164,-10484,-9328,27.64,-426,22,-210
9104,-10320,-9576,27.68,-684,69,-117
8944,-10424,-9508,27.68,-231,-11,-102
8976,-10284,-9428,27.73,-451,162,-51
8972,-10416,-9396,27.73,-320,39,51
8944,-10548,-9476,27.68,-212,4,26
8840,-10588,-9372,27.68,-95,234,-417
9036,-10504,-9452,27.59,-201,147,-414
9092,-10476,-9364,27.64,-4,-43,180
8696,-10796,-9260,27.59,-48,100,-176
8980,-10560,-9288,27.68,-145,293,-515
9228,-10388,-9336,27.64,-385,69,60
8832,-10356,-9504,27.64,-212,-247,528
8756,-10728,-9432,27.68,47,144,-563
9324,-10100,-9504,27.68,-317,320,-657
9116,-10288,-9336,27.68,-211,-67,-22
8980,-10452,-9636,27.59,-30,-155,234
8764,-10700,-9448,27.59,-84,183,-268
9148,-10424,-9464,27.68,-73,125,-379
9044,-10444,-9292,27.59,18,-7,142
8656,-10868,-9416,27.68,13,-161,-21
8860,-10568,-9228,27.68,-240,226,-467
9216,-10232,-9412,27.59,-276,118,-60
8692,-10812,-9524,27.59,82,-146,-58
9140,-10464,-9360,27.64,-235,367,-267
9140,-10220,-9364,27.64,-311,-77,219
8660,-10840,-9532,27.59,-267,154,-308
9104,-10468,-9632,27.59,-109,32,-42
12940,-12420,-9452,27.68,2174,-1735,2868
-6272,-4820,296,27.59,-20678,9445,12932
2348,-8420,-9852,27.64,-17409,20512,-3298
3520,-8152,-9412,27.64,10319,1870,-8033
3456,-16456,-19408,27.73,-1297,20686,2529
17064,-10096,-10800,27.68,6489,4074,2020
15660,-7056,-11660,27.68,3399,8188,-1610
21612,-14528,-3892,27.68,32767,-9516,-19872
15968,728,13296,27.64,-6795,-4667,19445
10676,-1748,3892,27.59,-14226,17858,-10176
17168,-3060,-3004,27.78,3812,3839,-16194
18748,-9044,-2528,27.68,-10465,-8684,2023
26452,-6388,-512,27.64,-21210,-14923,14038
9232,-2244,2912,27.73,1425,-9125,-9239
17868,-40,-3384,27.68,-11388,18099,8490
24768,-2084,-7812,27.68,9458,21930,-13159
15944,1296,-9920,27.64,-16101,8084,-19957
20012,7008,3012,27.68,-4923,-26144,18592
13948,-3704,3460,27.64,4131,1317,12074
18052,-1868,-4372,27.68,6768,5443,-10003
16460,1864,-6440,27.68,3823,635,-6462
10996,7484,224,27.64,-845,11679,1716
19092,8540,-4508,27.73,14750,8800,5253
20308,7320,-684,27.68,-2460,-12045,6963
9204,5668,5124,27.68,-6673,-1060,1994
12392,5476,7712,27.73,4309,32767,-1763
17448,7496,3556,27.64,7216,16883,4917
14904,12932,9396,27.68,5559,-740,10920
10448,12656,10876,27.73,8127,-5856,3250
7648,14072,9440,27.68,-912,-15455,1189
8316,10852,9468,27.73,13664,835,6282
14492,7752,8672,27.73,4173,17864,3280
21584,-8208,-4500,27.68,-17172,5687,-7958
17108,-1152,-1716,27.73,-12639,-19705,2641
12280,-2580,-1600,27.64,63,-3800,-4652
26560,356,-1344,27.78,10480,9715,-975
15072,5568,2528,27.73,-9639,-5085,-2984
17276,2972,404,27.64,6509,-6288,1891
17392,6732,3244,27.73,-3457,14149,-11687
20152,4496,1664,27.68,387,7123,9333
18964,220,628,27.73,-5384,-3871,-4048
22332,-4400,-2452,27.68,-29688,-21105,-22020
16528,12112,3832,27.73,-2176,-5523,30405
19616,6372,3328,27.73,15550,-5817,-11328
16700,3372,2308,27.78,-3020,-2067,-18539
16044,2772,-1352,27.54,3758,13087,-992
18828,4048,-8508,27.68,10950,7605,5126
16984,4324,-2836,27.64,-1098,-2766,6034
16104,6020,-1016,27.73,1842,245,1920
14904,4548,-2300,27.64,-7189,-587,-1032
16492,-1144,-6264,27.73,898,-2042,-42
16360,2652,-3708,27.73,-598,-1865,52
15868,1124,-3904,27.73,285,595,-1146
16404,1324,-5020,27.64,957,203,926
16308,1100,-5084,27.68,-2331,-1442,1146
16096,2296,-4504,27.68,221,-1137,69
15736,1720,-4544,27.73,2824,157,-526
16760,588,-6404,27.73,6767,2590,289
15272,-240,-6888,27.73,6229,1223,3401
15568,3284,-4280,27.64,3762,-382,-751
19012,2876,-1876,27.68,18180,-1002,-6360
18452,-2928,2656,27.73,32767,-7111,-5892
15972,-3704,-1204,27.68,10589,2368,252
18420,-720,-2568,27.82,2656,36,2609
20180,-880,-6052,27.68,14755,-25398,18334
6052,-12916,-2864,27.64,-1106,-23021,19823
2712,-8332,-4016,27.64,-32768,31133,-29593
2956,16648,-3632,27.68,-1336,2423,-5901
2892,17480,-3628,27.68,5873,3859,-3121
8432,13692,-2676,27.73,8276,8560,15389
11740,7720,-5956,27.68,6160,-5869,9084
1436,-3308,-14792,27.68,15979,-32768,28550
10048,-17236,-21556,27.64,-32768,32767,20395
21248,3376,3416,27.78,-1130,-28744,-1408
6048,1684,-7460,27.64,1003,9700,-3725
10484,4616,-11352,27.78,-202,-5208,13410
14248,-1384,-12020,27.78,6604,2081,1894
11888,8500,-7720,27.78,3505,945,2542
13900,4796,-13864,27.68,1711,271,15348
12936,3888,-11252,27.73,-2896,-1493,4631
13564,-4360,-9160,27.78,-12312,3494,3408
14732,-6908,-7360,27.68,-8913,-3807,12613
12196,-13152,-9996,27.73,-2609,396,6238
12040,-9464,-13424,27.64,4680,-105,7978
10192,-1300,-7536,27.82,1546,-544,10531
14180,-8464,-11568,27.73,-19566,-2759,9418
11440,-7112,-8912,27.82,-113,-4495,141
11944,-7404,-3272,27.68,8375,3673,8830
9936,-32184,9760,27.73,32767,-23057,-8920
3632,-18104,-1412,27.68,-22560,16980,-7733
10304,-11812,-368,27.59,-15289,-519,8259
1492,-15156,1516,27.73,-3926,-7096,-5005
1412,-15568,-212,27.82,806,11880,2181
10848,-20180,-6160,27.59,3210,2592,-1191
9468,-17932,152,27.73,-17801,2937,1835
7032,-13832,1772,27.64,-5104,5716,1265
7296,-17168,2540,27.59,-962,27551,10195
15952,-20388,308,27.78,25916,-357,4630
8016,-16224,-1692,27.68,-20175,24598,-1459
5056,-11740,-740,27.68,-1667,3482,-4684
3680,-18832,-4632,27.68,-197,-3295,-2977
8804,-18816,-960,27.73,-8227,-7860,693
7288,-12700,2648,27.68,-10699,2796,-2921
9912,-15980,3360,27.73,18199,1649,-638
12988,-12796,3728,27.68,-5915,17299,962
6940,-19436,-6640,27.73,4476,-2606,1453
13224,-16104,3220,27.64,-15463,-6175,893
3528,-9592,2036,27.73,-5082,-3595,-121
2020,-20112,-3580,27.73,27082,-17256,-668
7448,-12404,-432,27.73,20206,-9169,-5265
12820,-17740,-2064,27.73,844,-11048,3686
12424,-15864,5652,27.68,-27926,6985,4691
9568,-9724,6056,27.78,5367,-6574,-1191
4564,-19060,-1896,27.68,22163,-16343,-2611
8500,-15372,-2680,27.82,-631,1633,591
9744,-12036,-184,27.78,-2612,-5274,-1135
9340,-14808,-3052,27.73,3330,-8293,2774
10700,-6636,5956,27.73,3792,9611,-4559
8560,-17752,-5732,27.68,7987,-5698,1521
9732,-14324,-1808,27.78,-1091,-5486,2516
10772,-13732,-968,27.82,-3291,-3994,2562
8604,-13412,-488,27.73,4836,-7079,-1863
4248,-17388,796,27.82,108,-1960,-3532
6436,-11924,1108,27.68,-1820,13375,841
4376,-18948,-7136,27.78,16242,-7770,37
13736,-20812,372,27.78,-24382,-9825,7069
8076,-13888,3264,27.64,-10663,-7097,-1039
4852,-12368,1448,27.68,6464,4395,-1558
12528,-20228,-4124,27.73,20726,4518,-3597
7640,-17556,-4356,27.73,-20123,14927,6688
7656,-12912,-3428,27.78,13625,-17230,-3805
9104,-13752,-916,27.82,-3888,-1212,-6502
8888,-14536,-2336,27.82,-383,-4422,1480
8600,-14836,-1376,27.68,-7338,3142,949
7672,-11696,176,27.73,3598,3840,-2372
7368,-18208,-5716,27.68,11746,-4277,-2342
9312,-16560,-1992,27.82,412,-1298,794
11452,-10004,3836,27.78,-18424,8215,4695
3748,-14128,-196,27.73,9642,13968,571
3484,-14904,-5020,27.78,-1551,5820,6293
9484,-12060,-632,27.82,26016,10304,1530
29408,-12080,1528,27.82,15590,-25460,-5433
19216,-7156,11684,27.64,2989,-23969,-4982
164,-5408,6672,27.68,-5777,2088,-9515
32767,-3308,-7544,27.73,6020,22609,-11257
13000,-2724,-2160,27.68,-15103,-11098,166
14644,-7500,-2280,27.78,-926,140,4030
11704,1452,-1244,27.82,-8703,615,-20938
17576,2600,5276,27.73,32767,14662,15131
22916,1008,9004,27.73,-4834,-9473,-8422
12260,-5360,924,27.78,-18535,8295,3610
16316,-3364,2716,27.73,-10703,2278,6254
21932,-3236,-1148,27.73,10763,-6855,8580
9992,-8408,3492,27.87,-3313,-2833,-901
10448,-8136,2624,27.78,-8296,-1440,-6700
32767,12580,8696,27.73,-2259,7841,-2868
20332,1384,4916,27.68,-631,-1493,-4500
20568,1904,2884,27.68,-10585,447,-10003
15560,12396,0,27.78,-10239,-3732,-11283
8872,10428,-2520,27.68,4341,-3394,-5409
8084,14776,-1236,27.68,12349,5743,-10352
4224,15920,-492,27.73,7359,7632,-8788
6152,19960,-7304,27.78,5397,2140,-6898
2956,13536,-6444,27.82,4967,-4539,-12229
-3828,6132,-9712,27.78,1094,-1748,-6527
-236,8312,-5088,27.78,-3426,-903,4121
2804,13356,-6388,27.82,-2381,6791,11394
5868,18632,-6992,27.68,-961,604,5540
4740,12720,-6228,27.78,496,-1164,1824
6708,13564,-7364,27.73,925,764,5093
16624,9100,-11116,27.73,6395,-4829,-9884
-9840,9092,-6904,27.68,-13008,-5396,-5376
968,14928,-4848,27.73,165,-904,3522
-1692,15648,-6576,27.73,-4766,-1960,543
588,16768,-8392,27.64,-1303,122,262
3624,15804,-6144,27.73,9229,12707,-4987
-10164,-7504,-15712,27.73,-4140,12241,4286
7344,10576,-7780,27.64,-6834,-5439,-879
6796,13564,-5288,27.73,-10773,3230,1383
8184,12104,-1120,27.68,-6700,-7674,8731
9512,9480,1872,27.78,-10150,4543,11295
14856,11064,3092,27.78,-5329,1074,4559
12588,7812,4744,27.73,-413,2,5994
16008,5316,6072,27.68,1397,1388,8191
19220,724,3420,27.78,2859,2224,6887
5384,-9748,10568,27.82,15086,6902,-996
17296,-5144,11456,27.82,7336,-8324,17167
10196,-7324,8092,27.78,23652,-16354,6961
16076,-14564,2540,27.78,14781,-12250,-2834
19696,-5640,7660,27.73,-30557,-4842,6304
12488,-5392,4964,27.73,-767,-6539,3524
13816,-6924,5812,27.68,-8798,9565,5104
19424,-2036,8848,27.68,-32768,24638,7548
18548,-3600,3516,27.73,20029,3899,11657
17284,-6436,3032,27.87,5478,6396,-11209
16844,-16152,1120,27.78,-5152,-13387,11373
16652,-5404,5760,27.78,-6372,-13828,4524
13252,-4540,3768,27.73,-565,-9846,-1147
13188,-7744,6512,27.78,26540,1330,-10459
17476,-16028,-64,27.78,13097,7631,4
9184,-7548,5484,27.78,-13950,-6202,-1869
10952,-4112,5276,27.73,3538,-130,-4135
14300,-6096,5496,27.68,-8940,-2302,1592
10096,-9584,3872,27.78,-5036,944,76
24844,2544,5304,27.68,2359,4848,-21810
21904,7656,-868,27.68,5761,7257,-15053
10124,7104,1788,27.73,5908,6224,-5309
19048,-10416,1768,27.73,-15302,2792,13518
8396,-21184,-1172,27.73,802,7707,-6941
19000,-320,8172,27.78,363,170,33
20224,-4828,7844,27.68,-1218,-223,-2260
24192,-1888,6200,27.78,-2137,1379,-8995
17284,732,8132,27.78,-3325,2513,-2306
14216,2320,8972,27.82,-4934,4319,-778
19600,7340,3244,27.78,4117,-8103,2749
12416,9212,284,27.78,13423,-27890,5124
10396,7064,-7104,27.78,7375,-11420,-6271
14076,10016,-11632,27.82,3460,-7060,-9532
4716,4536,-11356,27.78,4341,-9084,-7279
3652,28,-8948,27.78,2036,5170,-342
19756,208,-28032,27.82,3320,-1638,7125
7180,5600,-15584,27.78,-311,1215,205
7048,4096,-14092,27.78,-843,635,1285
4828,528,-12644,27.73,-1905,-11691,-761
7320,4192,-10764,27.73,-8450,2199,-3123
5676,8092,-9708,27.82,5389,-619,16714
10988,1608,-9224,27.64,283,19450,14584
18780,2720,-10204,27.73,-1082,11230,5010
15612,-868,-6460,27.73,-560,4590,-874
20228,-2648,-6836,27.68,-3501,-7170,-3915
24968,5624,9764,27.73,739,23043,11858
17976,4796,772,27.78,32767,2745,21435
19260,-9228,6128,27.68,-6687,-22677,3080
15684,564,5284,27.78,-11171,-2115,3906
13788,2312,6448,27.73,9291,-6301,20290
24980,-6612,8124,27.78,-32768,14426,-32768
6420,-18340,448,27.68,-25867,-3100,20547
10904,284,8340,27.73,-15194,24357,21271
32767,-23868,14796,27.68,32767,-2609,-5341
17788,-10912,2668,27.78,6948,-13713,13129
29780,-8772,-1904,27.78,-32768,-17649,-12141
8584,7644,5980,27.73,-13335,-21144,-31889
-2212,7124,-6132,27.78,1061,-4735,3716
-1268,9508,1188,27.82,9612,10442,14643
32767,384,24600,27.73,32767,32767,31594
18224,-5948,-676,27.73,-32768,-21980,-12157
11852,4600,1996,27.78,-7786,-3949,-10667
18524,-10000,-276,27.87,10744,4930,-7308
18144,-308,588,27.82,19541,-1525,130
20704,-1580,2284,27.73,-15434,-12729,13455
9768,1844,4348,27.73,-3293,-1709,1898
22968,-5144,6764,27.78,21877,18481,527
14140,-13704,1148,27.73,10918,2412,-22131
5868,3568,16968,27.68,18543,13332,8023
18000,-3376,13508,27.78,-22467,-7076,14026
12380,-9028,6508,27.73,28281,-14482,5027
19808,-19300,3492,27.78,-8728,20630,24873
25772,12948,9008,27.82,-29660,25240,-32768
19908,-6704,12844,27.82,32767,-31639,12931
11644,-12320,5564,27.82,-4144,-9299,1015
10380,-4312,6100,27.78,-3755,20497,1563
27924,-8624,5640,27.78,32767,19691,-13525
17936,-20292,4580,27.68,-14564,-6134,-12698
29260,728,14640,27.82,-14747,-19789,32767
11688,3864,17168,27.78,-31758,-782,-31678
11088,-2164,6296,27.78,-19096,23769,19127
17980,1232,-4744,27.82,3767,13049,-7991
14596,448,1636,27.78,321,1936,15681
10396,1344,8444,27.73,-18105,14214,-17506
20100,-3488,2244,27.73,-2852,11192,9788
16796,-25500,-876,27.73,-24670,-633,-17694
18272,-1208,-5452,27.78,-9252,12309,-6916
2800,8052,3656,27.82,-13563,11219,-32768
19320,2604,-16508,27.78,3766,-1475,10439
15976,4720,5520,27.73,3718,4988,-3342
23776,14900,288,27.82,3906,-3360,-7726
19760,3888,-3116,27.64,5628,-10137,8542
10772,15912,-4120,27.73,168,-10350,-16540
2356,8948,-3768,27.73,12785,-7538,-15521
224,9204,-11608,27.78,12153,-7086,-11873
3392,4848,-6048,27.68,-1460,7625,-5089
12680,-708,-16460,27.78,3560,-3019,3188
5336,1032,-11972,27.78,-2263,-7495,130
4080,-2468,-8356,27.78,3563,151,9916
-480,12548,-11080,27.78,-1501,7704,20535
8096,9972,-4376,27.73,-11301,20863,3790
12844,12184,-2448,27.82,-5306,4784,1243
20352,11880,2908,27.73,-1344,732,5415
20604,2536,13436,27.68,-7934,-4390,-14612
23816,6780,5116,27.78,-11120,-18446,7996
21756,676,5680,27.82,32767,-9194,-325
16992,-7140,-2696,27.87,-1487,-350,7922
17156,-208,2628,27.73,-21415,-2276,18428
15848,356,2976,27.64,-29927,6554,26087
17012,-2300,-8,27.82,21140,17540,-3827
22996,3752,-7360,27.78,-28917,26756,-5295
19800,-4036,-8296,27.68,6226,8498,-21645
26688,-5304,-1596,27.73,7252,-28074,22559
16860,-1752,-748,27.68,-5758,-12435,5369
12228,-1776,-3268,27.78,-11733,9044,-6504
18456,2236,-3544,27.78,-32768,21409,-11072
21156,22048,-13832,27.78,-17651,-24567,-13419
7852,9864,1904,27.78,17,-11823,-11772
2780,7396,-5544,27.82,485,-4135,265
4624,12720,-12300,27.78,3399,1851,2631
8408,15776,-572,27.73,-512,9150,-2263
15132,10376,-2780,27.78,5386,15560,1097
15340,12276,-5648,27.78,-13172,3627,915
18000,8120,-3588,27.82,-2897,-4019,8594
11688,7668,2884,27.73,6457,3096,10504
16568,3836,360,27.78,2635,12514,-1619
17768,-72,-3120,27.82,16819,8114,33
21616,4288,4448,27.87,16509,-3101,10697
20004,-5004,5880,27.78,19820,-8997,25727
14932,1892,4832,27.73,-9762,-9352,-5316
16276,2920,9916,27.68,24834,-994,-8613
16396,-8852,9152,27.78,-7863,6967,-12049
21352,-4680,7708,27.87,6996,16918,-6699
16616,-2016,7792,27.78,-11538,-13426,12027
14228,-1440,6820,27.87,6866,-15726,1688
17576,3296,5276,27.87,4662,-3753,-12517
17364,-2076,4336,27.78,32099,20994,19629
16008,-768,2764,27.78,-32768,-10782,-2156
12960,-1040,5004,27.82,15156,-11943,6486
20932,4284,5396,27.78,-15345,16431,1894
19704,3900,3128,27.78,-28948,19333,-13666
29456,28980,15124,27.73,-4418,-3534,-26176
16640,-7796,4968,27.82,4047,-8724,-11163
19472,-3256,7384,27.82,12664,24133,5634
14764,7876,13092,27.73,-2133,11367,-8060
13784,1488,6512,27.78,-8219,-21857,2446
15364,2620,5460,27.78,8931,30146,-9304
23580,-1604,1204,27.82,11267,26465,-10888
17676,3264,1452,27.78,2123,-4760,6891
15484,976,4532,27.78,19090,19300,4189
23036,-1984,7384,27.73,8953,-32768,23885
13084,10888,3136,27.78,4552,-8035,15253
17368,13560,2764,27.82,14571,15764,9268
15832,24504,4532,27.82,17308,-32768,4106
18492,-680,5388,27.78,32767,3018,4400
14580,-884,3856,27.73,-10841,7655,-14205
17284,5408,6032,27.82,-14719,18556,-7456
14508,11300,2744,27.78,-19275,-2488,-12467
14140,3628,3276,27.78,-6723,2347,-15425
17624,360,8680,27.78,18582,32767,-6546
12300,4816,7620,27.82,6119,15265,213
14360,4032,888,27.82,1713,372,6644
20796,14724,6228,27.78,6512,-9151,7679
24652,-248,252,27.82,-11062,-25310,-12778
9232,4320,4632,27.73,-7526,-32768,-18982
10232,20124,-2548,27.73,4160,-17892,13506
620,32767,8060,27.87,13051,-24971,7085
-5252,-8960,-276,27.78,3114,-226,-593
-5428,412,-4868,27.68,1355,-7155,19020
4236,22900,-6188,27.87,2894,12988,-2904
728,16200,-3828,27.78,-6282,-1908,-556
7672,16676,-1312,27.78,20860,26235,-15653
11144,17036,-3540,27.78,-19290,253,817
17176,-11300,-12464,27.73,-6171,-5135,11992
17288,8100,1456,27.82,-6224,-20940,18049
19324,10352,4216,27.78,-13824,-13863,7798
13320,32320,18912,27.73,31270,5545,-6165
8812,-10932,-4180,27.68,32767,-4984,-1657
5984,512,4972,27.82,-26609,24185,-17873
25732,-6260,4336,27.82,27566,17057,-2429
22160,-7068,2204,27.78,210,10204,-17193
16996,-6404,1496,27.78,7675,-1334,5207
25520,-820,4388,27.78,-13500,-14963,24038
16912,-56,3372,27.73,-13558,-15219,-2858
13904,1012,1888,27.87,14228,5638,-3583
20892,-1132,400,27.82,20835,4710,-14192
18436,164,6448,27.87,32767,-7007,3268
18048,-1664,1452,27.73,-20757,2672,7161
16456,3756,2284,27.73,-3907,2052,-367
15880,-22436,-2436,27.78,-32768,-6203,-17074
15476,708,1064,27.73,-19788,-368,3850
24016,9784,-5320,27.68,-22620,-14634,-4938
17672,7028,-1580,27.82,32767,-26562,-7670
11164,-3136,804,27.73,32767,-13969,-24774
18924,-27812,-2740,27.78,4683,-4478,-23085
10596,-12908,-5312,27.78,-32768,-6894,-2255
16700,4028,5856,27.87,-32768,-5713,23054
18696,6056,-988,27.73,-13532,-7513,8590
18808,14440,-5004,27.73,2147,-8251,18156
32767,27852,1896,27.82,32767,-17376,-32768
-10368,-16128,-4368,27.78,5364,-13185,-15097
14896,21984,-10460,27.78,9810,-7287,-2886
-13800,-14684,-20420,27.78,-13784,5571,-17001
11060,23104,-11932,27.82,12440,-1549,12491
7464,-3588,-1500,27.82,7794,31671,-11819
27712,11468,-21564,27.78,-27277,14320,-4311
15248,284,-15616,27.78,24746,548,-4050
15244,616,-1524,27.82,3098,-5929,-3784
10984,-1640,-6648,27.82,-843,1651,-6344
16764,2352,-14088,27.82,5739,-79,-6122
14444,2332,-5324,27.78,10838,1351,-6578
17008,-4856,-132,27.78,20410,-702,7227
10468,-6972,9432,27.82,-32768,-32557,-32768
23376,-11116,500,27.73,32767,19925,32767
25424,-1840,4156,27.78,-1081,24136,-14594
17400,-7536,1336,27.78,-28005,-7734,-11407
11348,1192,5388,27.78,-17636,-4311,-924
15296,-10360,3052,27.73,-1747,4544,-5208
23136,-5400,-2116,27.78,1489,5823,-7327
14852,-544,5268,27.78,-20368,-15222,15029
10296,868,4688,27.82,5078,13037,-3986
25704,100,5804,27.73,-1335,25624,-20880
15600,-2776,236,27.82,-29601,-17845,-7550
12140,-516,1576,27.68,1165,665,-9782
19204,420,5316,27.87,-20046,10766,-2497
17124,-328,-144,27.78,-4605,-4212,4756
12388,-1476,3964,27.82,-11482,-5041,13542
19640,-624,3252,27.82,1941,6797,-147
15960,-10800,-1056,27.78,-6325,-4133,2724
11880,-2492,2056,27.78,-3079,1273,-187
21180,-10836,-988,27.78,-7968,7562,4447
16000,-2412,5860,27.87,-17767,-10598,1164
8424,11072,12476,27.82,-1226,28770,-8870
24812,-14532,24,27.73,1062,17125,-4201
15228,2192,6808,27.73,20726,8797,-2035
21540,-2328,8640,27.68,-6555,-32768,12966
13448,-6144,5392,27.92,2283,-7491,-3217
15464,-5468,4348,27.82,-11459,12197,6456
24152,-12164,-112,27.73,-26332,10272,-14991
8880,6000,1692,27.82,-29510,-17020,-778
18176,1980,6440,27.82,32767,-3678,5050
17636,-7044,3844,27.78,2313,7704,-15847
17916,-10976,1252,27.78,1208,5718,1363
20620,-1740,-96,27.82,4487,-2031,6613
9552,4160,6780,27.78,-4462,-5341,-468
18944,-7408,1868,27.78,8139,-2561,-5441
15084,-9144,7024,27.68,-3597,-5146,6445
15932,-10196,4004,27.73,-3651,11902,16755
16556,-4532,5656,27.78,5525,10686,9068
19684,-9764,3032,27.78,6193,-14259,-3630
10128,-19196,9540,27.78,4807,-29911,1602
7344,-9564,9688,27.92,2269,2899,10050
13888,-13556,5180,27.78,559,18724,-785
11996,-12012,1468,27.92,27328,-8947,4690
18388,-11208,3500,27.78,395,-10664,951
15104,-7512,7744,27.73,-1835,-15448,-4232
14796,-9076,2436,27.78,-8155,29199,-4820
23812,12828,8488,27.82,-8116,6918,-16626
11640,5804,11276,27.82,12889,-7202,-11680
10628,7488,2768,27.68,4657,-3815,3092
7472,11844,1288,27.73,14599,4756,-16354
